DMS_Code,Template,ChartsOfAccounts,Match
"Cash"
DMS_Code,Template,ChartsOfAccounts,Match
"Cash & Bank"
DMS_Code,Template,ChartsOfAccounts,Match
"Marketable Securities"
DMS_Code,Template,ChartsOfAccounts,Match
"Inventory"
DMS_Code,Template,ChartsOfAccounts,Match
"Raw Materials"
DMS_Code,Template,ChartsOfAccounts,Match
"Work-in-progress"
DMS_Code,Template,ChartsOfAccounts,Match
"Deposit-short Term"
DMS_Code,Template,ChartsOfAccounts,Match
"Accounts Receivable"
DMS_Code,Template,ChartsOfAccounts,Match
"Notes Receivable"
DMS_Code,Template,ChartsOfAccounts,Match
"Less: Provision For Bad Debts"
DMS_Code,Template,ChartsOfAccounts,Match
"Other Receivables / Accruals"
DMS_Code,Template,ChartsOfAccounts,Match
"Prepayments"
DMS_Code,Template,ChartsOfAccounts,Match
"Due From Parent"
DMS_Code,Template,ChartsOfAccounts,Match
"Inter-company Loans"
DMS_Code,Template,ChartsOfAccounts,Match
"Due From Directors / Shareholders"
DMS_Code,Template,ChartsOfAccounts,Match
"Loans & Advances"
DMS_Code,Template,ChartsOfAccounts,Match
"Investments"
DMS_Code,Template,ChartsOfAccounts,Match
"Deferred Taxation"
DMS_Code,Template,ChartsOfAccounts,Match
"Tax Refund"
DMS_Code,Template,ChartsOfAccounts,Match
"Other Current Assets"
DMS_Code,Template,ChartsOfAccounts,Match
"Property, Plant & Equipment"
DMS_Code,Template,ChartsOfAccounts,Match
"Land & Buildings"
DMS_Code,Template,ChartsOfAccounts,Match
"Leasehold Improvements"
DMS_Code,Template,ChartsOfAccounts,Match
"Plant & Equipment"
DMS_Code,Template,ChartsOfAccounts,Match
"Transportation Vehicles"
DMS_Code,Template,ChartsOfAccounts,Match
"Furniture, Fixtures & Fitting"
DMS_Code,Template,ChartsOfAccounts,Match
"Office Equipment"
DMS_Code,Template,ChartsOfAccounts,Match
"Assets In Construction"
DMS_Code,Template,ChartsOfAccounts,Match
"Land Rights"
DMS_Code,Template,ChartsOfAccounts,Match
"Asset Revaluation"
DMS_Code,Template,ChartsOfAccounts,Match
"Less Accumulated Depreciation"
DMS_Code,Template,ChartsOfAccounts,Match
"Other Fixed Assets"
DMS_Code,Template,ChartsOfAccounts,Match
"Fixtures And Equipment"
DMS_Code,Template,ChartsOfAccounts,Match
"Furniture And Vehicles"
DMS_Code,Template,ChartsOfAccounts,Match
"Investment In Subsidiaries"
DMS_Code,Template,ChartsOfAccounts,Match
"Investment In Affiliates"
DMS_Code,Template,ChartsOfAccounts,Match
"Investment"
DMS_Code,Template,ChartsOfAccounts,Match
"Shares (Listed)"
DMS_Code,Template,ChartsOfAccounts,Match
"Shares (Unlisted)"
DMS_Code,Template,ChartsOfAccounts,Match
"Shares"
DMS_Code,Template,ChartsOfAccounts,Match
"Investment Properties"
DMS_Code,Template,ChartsOfAccounts,Match
"Other Investments"
DMS_Code,Template,ChartsOfAccounts,Match
"Notes Receivable"
DMS_Code,Template,ChartsOfAccounts,Match
"Due From Parent"
DMS_Code,Template,ChartsOfAccounts,Match
"Inter-company Loans"
DMS_Code,Template,ChartsOfAccounts,Match
"Due From Directors / Shareholders"
DMS_Code,Template,ChartsOfAccounts,Match
"Deferred Expenditure"
DMS_Code,Template,ChartsOfAccounts,Match
"Long-term Deposit"
DMS_Code,Template,ChartsOfAccounts,Match
"Long-term Loans"
DMS_Code,Template,ChartsOfAccounts,Match
"Development Properties"
DMS_Code,Template,ChartsOfAccounts,Match
"Other Assets"
DMS_Code,Template,ChartsOfAccounts,Match
"Intangibles"
DMS_Code,Template,ChartsOfAccounts,Match
"Goodwill"
DMS_Code,Template,ChartsOfAccounts,Match
"Trademark / Copyright / Patent"
DMS_Code,Template,ChartsOfAccounts,Match
"Deferred Expenditure"
DMS_Code,Template,ChartsOfAccounts,Match
"Exploration Cost"
DMS_Code,Template,ChartsOfAccounts,Match
"Pre-operative Expenses"
DMS_Code,Template,ChartsOfAccounts,Match
"Other Intangibles"
DMS_Code,Template,ChartsOfAccounts,Match
"Accounts Payable"
DMS_Code,Template,ChartsOfAccounts,Match
"Notes Payable"
DMS_Code,Template,ChartsOfAccounts,Match
"Bank Overdraft"
DMS_Code,Template,ChartsOfAccounts,Match
"Loans Hire Purchase"
DMS_Code,Template,ChartsOfAccounts,Match
"Loans Secured"
DMS_Code,Template,ChartsOfAccounts,Match
"Loans Unsecured"
DMS_Code,Template,ChartsOfAccounts,Match
"Bank Loans"
DMS_Code,Template,ChartsOfAccounts,Match
"Creditors & Borrowings"
DMS_Code,Template,ChartsOfAccounts,Match
"Current Portion Of Long-term Debt"
DMS_Code,Template,ChartsOfAccounts,Match
"Debentures & Bonds"
DMS_Code,Template,ChartsOfAccounts,Match
"Due To Customers"
DMS_Code,Template,ChartsOfAccounts,Match
"Other Payables / Accruals"
DMS_Code,Template,ChartsOfAccounts,Match
"Provision For Income Tax"
DMS_Code,Template,ChartsOfAccounts,Match
"Provision For Dividends"
DMS_Code,Template,ChartsOfAccounts,Match
"Provisions"
DMS_Code,Template,ChartsOfAccounts,Match
"Due To Parent"
DMS_Code,Template,ChartsOfAccounts,Match
"Inter-company Loans"
DMS_Code,Template,ChartsOfAccounts,Match
"Due To Directors / Shareholders"
DMS_Code,Template,ChartsOfAccounts,Match
"Lease Liabilities"
DMS_Code,Template,ChartsOfAccounts,Match
"Deferred Taxation"
DMS_Code,Template,ChartsOfAccounts,Match
"Deferred Income"
DMS_Code,Template,ChartsOfAccounts,Match
"Provident & Pensions"
DMS_Code,Template,ChartsOfAccounts,Match
"Other Current Liabilities"
DMS_Code,Template,ChartsOfAccounts,Match
"Creditors & Borrowings"
DMS_Code,Template,ChartsOfAccounts,Match
"Mortgages"
DMS_Code,Template,ChartsOfAccounts,Match
"Loans Secured"
DMS_Code,Template,ChartsOfAccounts,Match
"Loans Unsecured"
DMS_Code,Template,ChartsOfAccounts,Match
"Loans Hire Purchase"
DMS_Code,Template,ChartsOfAccounts,Match
"Bank Loans"
DMS_Code,Template,ChartsOfAccounts,Match
"Debentures & Bonds"
DMS_Code,Template,ChartsOfAccounts,Match
"Deferred Taxation"
DMS_Code,Template,ChartsOfAccounts,Match
"Deferred Income / Deferred Liabilities"
DMS_Code,Template,ChartsOfAccounts,Match
"Provisions"
DMS_Code,Template,ChartsOfAccounts,Match
"Provident & Pensions"
DMS_Code,Template,ChartsOfAccounts,Match
"Notes Payable"
DMS_Code,Template,ChartsOfAccounts,Match
"Bills Payable"
DMS_Code,Template,ChartsOfAccounts,Match
"Due To Parent"
DMS_Code,Template,ChartsOfAccounts,Match
"Inter-company Loans"
DMS_Code,Template,ChartsOfAccounts,Match
"Due To Directors / Shareholders"
DMS_Code,Template,ChartsOfAccounts,Match
"Due To Customers"
DMS_Code,Template,ChartsOfAccounts,Match
"Lease Liabilities"
DMS_Code,Template,ChartsOfAccounts,Match
"Minority Interests"
DMS_Code,Template,ChartsOfAccounts,Match
"Other Non-current Liabilities"
DMS_Code,Template,ChartsOfAccounts,Match
"Capital"
DMS_Code,Template,ChartsOfAccounts,Match
"Capital Reserves"
DMS_Code,Template,ChartsOfAccounts,Match
"General Reserves"
DMS_Code,Template,ChartsOfAccounts,Match
"Legal Reserves"
DMS_Code,Template,ChartsOfAccounts,Match
"Reserves"
DMS_Code,Template,ChartsOfAccounts,Match
"Share Premium"
DMS_Code,Template,ChartsOfAccounts,Match
"Head Office Account"
DMS_Code,Template,ChartsOfAccounts,Match
"Revaluation Surplus (Deficit)"
DMS_Code,Template,ChartsOfAccounts,Match
"Surplus (Deficit)"
DMS_Code,Template,ChartsOfAccounts,Match
"Foreign Exchange Adjustments"
DMS_Code,Template,ChartsOfAccounts,Match
"Retained Earnings (Loss)"
DMS_Code,Template,ChartsOfAccounts,Match
"Minority Interest"
DMS_Code,Template,ChartsOfAccounts,Match
"Other Equity"
